{"cameraMode":{"drawMode":0,"name":"Shaded","section":"Shading Mode"},"sceneLighting":true,"audioPlay":false,"sceneViewState":{"showFog":true,"showMaterialUpdate":false,"showSkybox":true,"showFlares":true,"showImageEffects":true,"showParticleSystems":true},"in2DMode":false,"pivot":{"x":-1.0754387378692628,"y":1.2789760828018189,"z":-4.439643859863281},"rotation":{"x":-0.06614606082439423,"y":-0.6135596036911011,"z":0.051622819155454639,"w":-0.7852529287338257},"size":1.1207284927368165,"orthographic":false}