{"cameraMode":{"drawMode":0,"name":"Shaded","section":"Shading Mode"},"sceneLighting":true,"audioPlay":false,"sceneViewState":{"showFog":true,"showMaterialUpdate":false,"showSkybox":true,"showFlares":true,"showImageEffects":true,"showParticleSystems":true},"in2DMode":false,"pivot":{"x":-2.612582206726074,"y":2.370776414871216,"z":2.4588961601257326},"rotation":{"x":0.022030308842658998,"y":0.959285318851471,"z":-0.0778588131070137,"w":0.270790159702301},"size":2.077153444290161,"orthographic":false}