{"cameraMode":{"drawMode":0,"name":"Shaded","section":"Shading Mode"},"sceneLighting":true,"audioPlay":false,"sceneViewState":{"showFog":true,"showMaterialUpdate":false,"showSkybox":true,"showFlares":true,"showImageEffects":true,"showParticleSystems":true},"in2DMode":false,"pivot":{"x":-6.584967136383057,"y":4.888426303863525,"z":8.587397575378418},"rotation":{"x":-0.0019457092275843025,"y":-0.99298495054245,"z":0.016697555780410768,"w":-0.11730005592107773},"size":2.021960496902466,"orthographic":false}